,Airline Name,Overall_Rating,Review_Title,Review Date,Verified,Review,Aircraft,Type Of Traveller,Seat Type,Route,Date Flown,Seat Comfort,Cabin Staff Service,Food & Beverages,Ground Service,Inflight Entertainment,Wifi & Connectivity,Value For Money,Recommended
20952,TUI Airways,1,"""A disappointing experience""",26th September 2022,True,"  A disappointing experience from start to finish. Both outbound and inbound flights had delays. A 6 hour delay on the outbound and a 2 hour delay on the inbound. Both of which were poorly communicated and managed. We paid for extra space seats and although the extra leg room was average the seat pitches were very small. This is in comparison to budget airlines that we normally fly with. Where the planes normally have 6 seats a row, the TUI aircrafts had 8 seats per row and although I believe this was a significantly bigger plane it was not big enough to accommodate people comfortably.",Boeing 737,Couple Leisure,Economy Class,Manchester to Rhodes,September 2022,1.0,4.0,3.0,1.0,,1.0,1.0,no
3648,Aircalin,8,Aircalin customer review,12th February 2014,False,Sydney - Noumea. Didn't know what to expect from this smaller airline. Was a full flight with school holidays over. Staff at the gate were a combination of Qantas and Air Calin crew. Aircraft was a modern A330. Helps to have a small understanding of French because the crew will address you in French first. Really impressed by meal service. A full tray with salad bread main and dessert. Landing in Noumea on second attempt due to a go-around but crew were very professional throughout the flight. Entertainment system only covered a limited selection in comparison to other carriers.,,,Economy Class,,,0.0,0.0,0.0,,0.0,,0.0,yes
819,Air Arabia,2,"""I am very disappointed""",9th September 2018,True,  Brussels to Casablanca. I had to pay extra 50 euros at airport for having just 2 kilos more. I am very disappointed. My ticket cost me 200 euros at the start now cost me 250. Totally ridiculous At the end had to wait 1 hour at arrival the get back my luggage.,,Business,Economy Class,Brussels to Casablanca,September 2018,3.0,1.0,,1.0,,,1.0,no
9012,Etihad Airways,1,"""I would not recommend this airline""",17th July 2022,False,"  Worst airline I’ve tried!! We took 4 planes from Qatar to Bahrain and back through Abu Dhabi, 3 of those flights got delayed. In one of the flights we had to sit in the aircraft without ventilation or AC for almost half an hour in a crowded flight.  Not to mention The staff is not friendly at all and the tickets were pricy. I would not recommend this airline.",,Family Leisure,Economy Class,Doha to Bahrain via Abu Dhabi,July 2022,1.0,1.0,1.0,1.0,1.0,1.0,1.0,no
8024,Delta Air Lines,2,"""flatly refuses to compensate""",18th May 2023,True,  Delta kept me on the plane at the gate for 7 hours because of a door issue and now flatly refuses to compensate for any expenses incurred. I missed my connecting flight and the next flight was 24 hours later. I had to pay for a hotel and transportation.,,Solo Leisure,Economy Class,Lima to Atlanta,April 2023,1.0,2.0,,1.0,,,2.0,no
7314,Comair,9,"""inflight service is very good""",22nd April 2017,False,"  Johannesburg to Cape Town on British Airways marketed flight operated by Comair. Check in at Terminal B quick and polite as was security, visited the domestic Slow Lounge which is very good with lots of food & drink options. Boarded on time through gate D2 on to a decent clean 737-800 seated in 1A which was comfortable drinks offered prior to take off, departed on time once airborne service was very good food was okay a full breakfast served.. Managed 40 minutes sleep before decent.. Landed around 10 minutes early on to a bridge baggage off the belt quickly.. I travelled with Comair 3 times over the previous week and find that both ground and inflight service is very good. ",Boeing 737-800,Business,Business Class,Johannesburg to Cape Town,April 2017,5.0,5.0,4.0,5.0,,,4.0,yes
4572,Arkefly,1,Arkefly customer review,20th July 2009,False,Holland to Jamaica return in Star Class Arkefly's equivalent of Business Class. Both flights departed over 2.5 hours late our seats still had the previous passenger's meal remainders. Planes are very very old. Staff friendly food is average but reasonable for charter. We wouldn't fly this airline again.,,,,,,,,,,,,,no
3358,AirAsia Philippines,3,"""changes every minute""",29th August 2019,True," Our flight was smooth at first. We enjoyed our trip from Manila to Cebu. But during our return to Manila, our flight was delayed from 5pm to 5.50pm then to 7.20pm to 7.10 pm to 7.25 pm and lastly to 7.50pm. Due to these changes every minute, we have been confused and were not able to go to the gate 20mins before the final time of departure. We arrived 6 mins late and were not accepted on the gate. Our flight was forfeited and we need to book another flight to be able to return to Manila. It was so devastating and heartbreaking as we have to incur another expense to return to Manila that costs us same price of round trip from Manila to Cebu and vice versa.",,Family Leisure,Economy Class,Cebu to Manila,August 2019,4.0,2.0,,2.0,,,1.0,no
22174,VivaAerobús,1,"""oversold, no seats available""",2nd January 2022,True,"  Worst experience ever, don't waste your money, Worst customer service, professionalism, no ethics at all / no respect after checking in couldn't board my flight, airline tickets were oversold, no seats available. Had to get other flights for next day and flights in between because was the only flights available.",,Family Leisure,Economy Class,Guadalajara to Tijuana,January 2022,,,,1.0,,,1.0,no
17870,Shanghai Airlines,1,"""absolute disgrace of an airline""",16th October 2015,False,"Hong Kong to Shanghai Pudong on Shanghai Airlines. For reasons as yet unexplained to me, we boarded the aircraft at 16.45h and remained on the aircraft on the ground until 23.40h (yes, an unbelievable 7 hours), when we were then told that “the flight is now cancelled” and we deplaned again. During the time onboard neither the captain or first officer spoke with the passengers and the cabin crew made three announcements stating only that ""we would be updated on the departure time later"". An absolute disgrace of an airline and crew.",A321,Business,Economy Class,HKG to PVG,September 2015,1.0,1.0,,1.0,,,1.0,no
2848,Air Seychelles,n,Air Seychelles customer review,6th August 2013,False,After waiting in a very long slow que we were told that our flight from JHB to Seychelles was delayed 3 hours. We were given lunch vouchers for Jackson's or Mugg and Bean. Jackson's would not honor the voucher. Once again we had to queue for a long time before we could board the aircraft. We have a 6 year old and should of been allowed to join the front of the queue. Nobody from Air Seychelles assisted us. Immigration on Mahe are extremely rude and the luggage took forever to come through. After all the delay and run around they lost my sons stroller which was only found after all the passengers had left the terminal. No apology from any of the staff at the airport. Disgraceful service.,,,Economy Class,,,3.0,2.0,3.0,,3.0,,1.0,no
19349,Sunwing Airlines,2,"""I never will choose them for my vacation""",29th December 2021,True,"  When we booked our vacation in November, we were supposed to get a direct flight from saskatoon to Cancun and vice versa. One week before our vacation they informed us that it won't be a direct flight anymore and it will go to Regina and over there you have to change the plane and I asked if we can cancel it and the rep said No because on terms you agreed that Sunwing could change it without notice, I paid a lot to get a direct flight with 5-star inclusive hotel and asked if they will issue us a voucher or return any money to us and she said No. you don't have any choice just we let you know. The 9am flight changed to 7am and it had delayed in Regina because obviously, they gather travelers from 3 different cities in one area to go so we had another 2 hours delay in Regina and when we reached to Cancun, we totally lost a day as around 7pm we were in our hotel so a vacation starts with a disaster and instead of 5-6 hours flight It took us 11 hours however we paid for premium, good for Sunwing's pocket! On the return, they took us 5 hours before our departure, without they inform us that it will be a Winnipeg, Regina, and Saskatoon combination flight, they issued our tickets to Saskatoon, announced the gate, and on the last minute, they changed it to Winnipeg gate and on the air told us that you should get unplanned in Regina. When we got to Regina, they weren't ready at all. they redo everything like a new traveler that just got to the airport till we reached to our gate and it took over 3 hours in mid of the night plus another 1-hour delay, a total of 14 hours from hotel to Saskatoon! We didn't receive any apology from them at all and it hurt us a lot. In general, transportation was a disaster and we all got very unhappy and disappointed with Sunwing and I never will choose them for my vacation. I had a good experience with them before it is why I didn't look at other options such as Westjet vacation but definitely from now on, they will be my last option.",,Family Leisure,Economy Class,Saskatoon to Cancun,December 2021,2.0,2.0,1.0,2.0,,1.0,1.0,no
13825,Libyan Airlines,3,Libyan Airlines customer review,15th July 2009,False,I had three flights with Libyan Airlines in three days - Tripoli to Tunis return then Tripoli to Malta. No problem regarding check in everything fine and staff were friendly and helpful. My complaint is about the price which I think was ridiculous - Tripoli to Tunis return LD332 and its only one hour flight : Tripoli- Malta cost me LD 275.,,,,,,,,,,,,,no
1041,Air Berlin,1,"""a shameful lack of service""",17th April 2017,False,"  Prague to Berlin. The worst customer service I have experienced in 30 years of global travel. I and thousand of other had their luggage lost at Tegel airport this easter weekend. No customer service. You are directed to WISAG who they have outsource the baggage handling to. All WISAG does is direct you to a iPad and make you file your own report. Huge line up, hours long, only one clerk. They never email you to tell you the status of your baggage, they never answer the phone numbers given, they never answer the emails sent. It's been 4 days zero response. Called the Air Berlin reservation number and they say call WISAG. WISAG is totally non responsive. So basically Air Berlin says we don't care not our problem it is your problem. Destroyed my easter weekend. Flying home without luggage. Only shopping day during the holiday was Saturday which I spent replacing cloths. Air Berlin has provided a shameful lack of service. I read they delayed there long haul flights because they have a new company handling their luggage. They have been on the job since March 26 and they are even more useless than the old company. T",,Solo Leisure,Economy Class,Prague to Berlin,April 2017,2.0,2.0,,1.0,,,1.0,no
976,Air Bagan,9,Air Bagan customer review,14th November 2012,False,Recently flew throughout Myanmar on the following routes: Yangon-Mandalay-Heho-Mandalay-Nyaung U (Bagan)-Heho-Thandwe-Yangon on their Fokker 100 and ATR72 aircraft. Check-in interesting as there are no computers and everything is weighed manually. Ground crew cordial but not overly friendly. Flight crews were friendly and always helpful. Catering is good for the short flights with croissants and drinks being offered on even the shortest of flights (unthinkable in Europe). Aircraft's were always spotless and comfortable.,,,Economy Class,,,,,,,,,4.0,yes
3070,Air Transat,1,"""Such an awful airline with 0 customer service!""",3rd March 2022,True, Such an awful airline with 0 customer service! How can they change the time of our flight so significantly twice and fail to tell us the second time around? Is an email to notify your customers too much of a task for you? Absolute joke!,,Family Leisure,Economy Class,London Gatwick to Toronto,March 2022,1.0,1.0,,1.0,,,1.0,no
7164,Citilink,9,"""flight attendant nice and friendly""",10th May 2016,False,"  I flew Citilink 2 days ago from Jakarta (CGK) to Surabaya to attend the wedding party at 10am. I chose QG 801 (suppose to land at 9.15am). The only problem I have was my name was not appear on the quick check in computer terminal, but one of the ground staff quickly asked my ID, and checked me in. in the normal terminal going into the aircraft, I was greeted by a flight attendant who was nice and friendly. ",A320,Solo Leisure,Economy Class,CGK to SUB,May 2016,4.0,5.0,,3.0,,,5.0,yes
7623,Corsair,1,Corsair customer review,4th November 2013,False,Paris Orly to Forte De France dep 22/10/2013 flight SS0924. Return 29/10/2013 flight SS0925. Super airline. Check-in very easy online then printed boarding card then dropped baggage at airport. Total checkin time at airport 10 mins. Boarding was easy do it by children and elderly first then seat number. Big aeroplane. Comfortable chairs reclining with legroom. Inflight entertainment very good and the food was adequate. Staff offered exceptional service going out return journey they were adequate. Great value and more for the money.,,,Economy Class,,,,,,,,,4.0,yes
16559,Qatar Airways,5,"""my seat was uncomfortable""",14th June 2023,True,"  The aircraft was very old, the screen Tv was blurred and not working and my seat was uncomfortable. No wifi unfortunately. The cabin crew were nice, respectful and helpful.",A330-300,Solo Leisure,Economy Class,Madrid to Doha ,June 2023,1.0,5.0,4.0,3.0,1.0,1.0,3.0,yes
19726,TAM Airlines,5,TAM Airlines customer review,28th April 2014,False,GIG-JFK. Brand new B767300ER. Quick and pleasant check-in. Poor lounge. On time at departure. Very efficient and smiling flight attendants (more than on Emirates for instance). Excellent choice of wines but poor food. Full flat bed. A bit narrow and hard but adequate. On time on arrival.,,,Business Class,,,4.0,5.0,3.0,,4.0,,5.0,yes
869,Air Astana,9,"""modern, well appointed planes""",3rd November 2018,True,"  Tashkent to Hong Kong via Astana/Almaty. Arrived early at Tashkent airport just to be told that Astana Air does not offer a lounge at that airport anymore. Boarding was chaotic, as they annouced boarding, traveling business class I rushed to the gate, only to be told to wait 10 minutes. Then, they started boarding the around 100 economy class passengers as I waited standing by the counter. After around 15 minutes, I was invited to board, very weird process. Once onboard, I was greeted by 2 friendly flight attendants, who showed my seat and offered an welcome drink. Cabin was beautiful with mood lighting and well apointed, very comfortable seat for 2 hours flight. After take off, they offered more drinks with warm nuts, plus took dinner orders. Food was delicious, well prepared and of high quality. Next flight from Astana to Almaty, they offered a good lounge in Astana, with some basic snacks. They had a special boarding line for business, boarding was very efficient and fast. 767 cabin is really beautiful, well appointed and comfortable even for longer flights. Welcome champagne offered and menus distributed. Food, once again, excellent and high quality, as well as drinks options. From Almaty to Hong Kong, the longest portion, I was invited to the lounge, but as I entered it, I was advised that Air Astana passengers cannot use the buffet facility or bar, and must pay for any drink consumption of drinks, even water. Noticed passengers from other airlines using the same lounge to have access to a full buffet and drinks choice, so very poor experience for Air Astana premium customers. Anyway, they also offered a separate line for business class and boarding was fast and efficient. Once again a 767 with beautiful cabin and very comfortable flat seats. Also this time, crew was courteous and friendly and dinner was of high quality, as well as drinks. They also offered a very nice ammenities kit and noise-reducing headsets, but wifi was not working on this flight. All in all, in those 3 flights, I received excellent service from professional and courteous flight attendants plus high quality ammenities and food / drink choices. Only aspect to be improved are the lounges experience, especially for international flights. But all flighst were ontime, with excellent crew and modern and well appointed planes/cabins, so I am looking forward to fly on Air Astana business class again in the future.",A320 / Boeing 767-300,Solo Leisure,Business Class,Tashkent to Hong Kong,October 2018,5.0,5.0,5.0,2.0,4.0,,4.0,yes
18390,Sky Express Airlines,1,"""requested a refund for the cancelled flight""",30th August 2022,True,"  We were scheduled for the flight to Zakynthos from Athens on flight GQ420 on July 12, 2022. Though we were able to check in (online) the night before and showed up 1-1/2 hours in advance of the scheduled 9:50 AM departure, we were told the flight had been cancelled. The service representative seemed a bit confused at first telling us it left that morning, then told us the flight had been canceled and that we were emailed and were not entitled to a refund. Ww ere never notified of the cancellation or any alternative options!  We had reserved an Airbnb on Zakynthos so we had to get there that day. Therefore, we had to take a taxi to a bus terminal, take a 4 hour bus ride to the ferry, then a two hour ferry ride to the island! We respectfully requested a refund for the cancelled flight to help recover the cost of the alternative transportation. They never responded to our emails.",,Couple Leisure,Economy Class,Athens to Zakynthos,July 2022,,,,1.0,,,1.0,no
6515,Cathay Dragon,1,"""Impressive experience""",14th December 2019,True,"  Qingdao to Hong Kong return in Business Class. Impressive experience, I did not expected such outstanding service on a 3-hours flight. Comfortable 2x2x2 seat arrangement, large seats (even if they cannot become a flat bad - but this is not required on such flight), large video screen with wide selection of movies, also very recent. Full meal with several courses served both ways, very good food and wine, with continuous refills of drinks, very kind and efficient cabin crew. Surprisingly service on this flight was better than on the following Hong Kong - San Francisco flight with Cathay Pacific - I was expecting the opposite. Flight from Qingdao left 40 minutes late (which is the rule for every flight leaving from Qingdao, airport is far too small for the present traffic volume) but arrived Hong Kong in time. Flight back perfectly on schedule, and no issues with luggage.",A330,Business,Business Class,Qingdao to Hong Kong,December 2019,4.0,5.0,5.0,5.0,5.0,,5.0,yes
21295,Turkmenistan Airlines,n,Turkmenistan Airlines customer review,3rd December 2006,False,Central Asian carrier on which I flew five segments in November 2006. Beijing (PEK) to Ashgabat (ASB) and back a one-way flight from Mary (MYP) to Ashgabat and a round-trip between Ashgabat and the northern town of Dashoguz (TAZ). All flights were on Boeings with 757s on the international legs and 717s domestically. The pilots were allegedly Western-trained and looked Russian but none said a word during my five flights. The planes weren't bad. The seats were maintained and the cabins were clean. There were other signs that this wasn't the Delta Shuttle. The bulkhead wall at the front of each cabin bore a framed photograph of the President For Life. Many passengers paid no heed to any rules about seatbelts or cabin movement. Boarding the plane was all pushing and shoving and the old ladies had the best moves. Aside from a flight map on the 757s there was no in-flight entertainment. The food was standard airline grub and flight attendants were reasonably diligent if unenthusiastic about serving drinks and responding to the call button which the passengers pushed without hesitation. There was no in-flight magazine. Luggage limits were nonexistent but in a country where almost everything has to be imported I was sympathetic. The space on my flight was so oversubscribed that three trucks of baggage were left behind. The stranded bags were to arrive on the next flight with room. Turkmenistan Airlines has no web site. It has no frequent flyer program that I could discern and is not part of any alliance. It serves the major cities in Turkmenistan in the sense that it connects them to Ashgabat. The foreign destinations include London Beijing Moscow Bangkok and Istanbul. Flights through Ashgabat are cheap; flights to Ashgabat are expensive. Turkmenistan Airlines is cut- rate transportation which isn't so bad if your expectations are low.,,,,,,,,,,,,,no
22981,Xiamen Airlines,3,"""transferring in Xiamen was ridiculous""",12th May 2016,False," My family and I travelled from Beijing To Taipei Songshan (TSA), and Taipei TPE to Beijing, both times with Xiamen Airlines in Economy class. The Good - compared to other Chinese airlines, we found the food and drinks service to be much better. The legroom on the Boeing 787 from PEK to XMN and vice-versa was very good, and the staff were friendly. An OK selection of IFE was provided on the 787 including a range of English speaking movies and many games. On 3 of the 4 flights the kids were handed an activity pack which they enjoyed playing (for about 10 minutes). The Bad - legroom on the 737 between Xiamen and Taiwan was poor. Transferring in Xiamen in both directions was ridiculous. When we checked in at Beijing, our bags were tagged through to Taipei, however we were advised that we had to go to a separate counter at Xiamen to get our boarding passes for the flight from Xiamen to Tiapei. It was not easy to find where this was once we got to Xiamen, there were no instructions nor staff to assist. Once we found the counter we were told that it didn’t open until 2 hours before the flight (we had a 3 hour layover), and there was nowhere available to sit and wait. Taking this in our stride, it was like a “red rag to a bull” when as soon as we boarded the flight to Taipei they showed us a video promoting how good Skyteam was, with their “Seamless transfer service”. It was worse when returning from Taipei. The bags could only be tagged to Xiamen, and boarding passes could only be provided to Xiamen. There was no specific transfer facility for connecting passengers that we could use to re-check bags onwards to Beijing, and no instructions whatsoever provided to assist in the transfer. Fortunately we live in mainland China so could find our way around the system, however it would have been utterly confusing for passengers who had never been to China before, with no assistance provided. If Xiamen Airlines has aspirations of being a true regional and international player, it needs to revisit its transfer services through Xiamen and replicate those of other successful airlines in performing transfers. Its part-parent airline China Southern does a dramatically better job handling passengers through Guangzhou.",Boeing 787 / Boeing 737,Family Leisure,Economy Class,PEK to TSA via XMN,May 2016,3.0,5.0,5.0,1.0,3.0,,2.0,no
17856,Shanghai Airlines,8,"""punctuality, good service""",4th January 2020,True,"  Budapest to Shanghai New Years Day 2020. Flew on a newer B787-9. They had opened not less than 8 check-in counters in Budapest of which 4 are for Sky Priority only; thus very comfortable. BPs issued immediately including the following flight with China Eastern SVG-HKG (counts as international flight). As being Flying Blue Silver I was accessed to Sky Priority counters and was checked in in a few Minutes; prioritised in all queues and boarding, and eventually (at gate) upgraded from Economy to Economy Plus as flight was full in lower classes and in business. I was lucky not to have my original selected seat as all seat were taken in economy. Trip went smooth, captain made kind announcements. FAs were also kind and firm though listening. Lots of food, they ran out of wine and beers within an hour after departure. Very embarrassing but quite typical for Chinese airlines (apart from Cathay Pacific?). Bought own supplies of champagne from airport. FA off course accepted it as they know they are running short, especially on a New Years’ Day. I brought my own glasses and let them chill down my champagnes. Good food, two full hot meal rounds with options. Catered from Budapest, thus Western oriented unlike when departing from Shanghai. I had at least 6 hot meals on board (many were meals in excess as passengers were stuffed after New Year) and could have had more if I could manage. At breakfast service, still 24 dinner meals were left. Clean toilets throughout. Blankets and earplugs provided. Individual IFE was extremely good and technically the best I have seen in the skies. Content limited to some 15 Western movies but that suffices as their choice goes beyond the most popular Hollywood stuff. Simultaneously, plenum monitors display the current flight data and maps. Arrived 25 Minutes early in the huge, completely over-dimensioned Shanghai airport. I rate them high as for Qatar Airways though the product pros and cons are quite different. The trick is not to have Westernised expectations and to appreciate all, what they do for you if you are firm with wishes and appreciative. Best with Shanghai Airlines was the new aircraft, its punctuality, good service, surprising foods (I tried and finished all sorts of dishes they offered, all were fairly tasty), and an unbeatable price.",Boeing 787-9,Solo Leisure,Economy Class,Budapest to Shanghai,January 2020,4.0,5.0,3.0,5.0,5.0,,5.0,yes
13746,LIAT,1,"""little or no communication""",12th April 2016,False,"  On 02/04/2016 I travelled from London Gatwick to Grenada via Barbados with LIAT. I was due to arrive in Grenada at about 9.20 pm on the same day. To make a long story short, LIAT delayed and eventually cancelled the Barbado to Grenada leg of the journey with no explanation whatsoever to any of its customers. We were placed in a hotel and left all day Sunday 03/04/2016. All efforts to find out when we would leave for Grenada were met with ""we don't know"" - even in Grenada my husband was told ""we don't know"". There was little or no communication - no agent consulted with us. It took 8 hours to get from London to Barbados and 48 hours to get from Barbados to Grenada and LIAT did not even say why the aircraft was delayed/cancelled. Shame on you LIAT, never again.",,Family Leisure,Economy Class,LGW to GND via BGI,April 2016,1.0,1.0,1.0,1.0,,,1.0,no
7223,CityJet,2,CityJet customer review,17th September 2014,False,London City to Florence on Aug 31 2014 and Florence to London City on Sep 6 2014. Will never fly this airline again. It's partly an issue with them and partly the airports I flew in and out of: London City and Florence. On both ends dropping off bags was a mess. No one seemed to know where I should go and people (CityJet staff) told me 2 different things. No one informs you that you can't check in until 2 hours before (until you've waited in different lies because misdirected) and there is no CityJet counter in Florence. Not labelled anywhere. Had to ask 3 people and be told different things before I ended up in right place (aeroporto di firenze counter). Never again.,,,Economy Class,,,3.0,2.0,3.0,,1.0,,3.0,no
14719,Meridiana,9,Meridiana customer review,17th October 2011,False,Having had a great outbound flight and reviewed it as such I was a bit apprehensive about our return flight from Florence to Gatwick. Nothing to worry about as it was also fine. Left on time arrived at Gatwick a few minutes early. Efficient check in at Florence airport and friendly service on board. Only comment is that we had paid for extra legroom seats by the emergency exit and mine was by the window and it is a different design from the others in the row and was uncomfortable. Fortunately we were able to move to other seats in the same row across the aisle. So I would suggest you avoid a window seat by emergency exit - maybe we were just very lucky.,,,Economy Class,,,,,,,,,4.0,yes
19309,Sunwing Airlines,1,"""never try this airline again""",21st February 2023,True,  On the way back to airport from resort they refused to take us to the airport and we had to pay from our own pocket. When we got to airport our Sunwing flight was delayed for 5 hours without letting us know. I had activated my flight alert for any changes but they still didn’t update us. When it comes to responsibilities they do not care who you are. Worst vacation we ever had and we never try this airline again that’s for sure.,,Family Leisure,Economy Class,Cancun to Toronto,February 2023,1.0,1.0,,1.0,,,1.0,no
9115,Eurowings,1,"""Long lines, no self-kiosk help""",29th May 2022,False,"  Most disorganized ever encountered at Eurowings, Heathrow. Long lines, no self-kiosk help. Called London for wheelchair at Hamburg and Paris, assured on phone. Not at Hamburg, not at Paris, long walk airport distances. ",,Family Leisure,Economy Class,London to Paris via Hamburg,May 2022,3.0,3.0,3.0,1.0,,,3.0,no
212,Aer Lingus,2,"""Never again will I fly Aer Lingus""",14th June 2023,True,"  We booked a ten-day tour of Ireland thru Trafalgar Tours. The tour started 19 May 2023. We wanted to arrive early and see some of Dublin before the tour started so we booked an Aer Lingus flight from Orlando Florida to Dublin on the 17th of May. Our flight was due to depart at 8:30 PM and arrive in Dublin at 9:30 AM on the 18th of May. (Aer Lingus Flt. 120). We were told that the incoming equipment had been delayed and that we would depart at 9:30 PM. The incoming aircraft arrived shortly after 9 PM followed by a fire truck! We were told we would depart at 10;30 then, 11:30. this went on till 2 AM on the 18th. They said the flight was canceled, but we would be boarded in the morning as soon as the aircraft was repaired. Imagine 300 people scrambling to get their checked luggage and make their way to the check in desk to get a hotel voucher (we found out that they booked the hotel rooms at 9:00 PM that night), madness. We got to the hotel at 4:30 AM. We had three hours sleep and returned to the airport to see if our plane had been repaired, it hadn't. we were told we would be boarding Aer Lingus flight 34 for Manchester, England at 5:45 PM. We arrived in Manchester at 7:20 AM on the 19th of May. Our connecting flight (Aer Lingus 3327) to Dublin did not leave till 5:45 PM that night. We arrived in Dublin at 6:40 PM. We arrived 33 hours late. We had paid for a hotel room in Dublin for the night of the 18 that we didn't get to use, and we missed the complete first day of our tour. We filed a claim with Aer Lingus for $ 600 each for me and my wife per EU rules. We also asked for $220 for the hotel room we had paid for, $174 for meals and $800 for the first day of the tour that we missed out on. They have offered us $147 in total compensation although they are responsible for our losses. Never again will I fly Aer Lingus or say a good word about them. ",A330,Family Leisure,Economy Class,Orlando to Dublin,May 2023,3.0,4.0,4.0,3.0,4.0,4.0,2.0,no
5231,Bahamasair,1,"""really took care of us""",31st August 2019,True," When I tell you the reviews was so discouraging and negative but go against all odds. The flight from Freeport to Fort Lauderdale was peaceful and safe. It was 3 members in my party. We were scheduled to return to the US on Sunday but do to hurricane Dorian on the way we had to leave the resort in a hurry. All the airlines we're booked! The only thing available was Bahamasair and I'm so grateful and took a huge leap of faith and booked. The aircraft took off on time with no delays, no turbulence and the pilot and team we're all will dress and pleasant. The Bahamians really took care of us. The flight was maybe 25 minutes with safe landing. When I read many of the reviews people were complaining about delays. Remember delays not denied. Thank you Bahamasair.",,Family Leisure,Economy Class,Freeport to Fort Lauderdale,August 2019,5.0,5.0,,5.0,,,1.0,yes
22876,WOW air,1,"""They rip you off""",29th September 2018,True,  Copenhagen to Toronto via Keflavik. The worst company When i came from states to Europe they didn't charge me for my personal item. But when I travelled from Europe to Toronto for the same personal item they charged me 100$. This is ridiculous with the same personal small bag. I will never fly with this company again. They rip you off.,,Family Leisure,Economy Class,Copenhagen to Toronto via Keflavik,September 2018,2.0,2.0,1.0,1.0,4.0,1.0,1.0,no
13848,Lion Air,1,"""fare is far from low cost""",13th May 2022,True,"  You literally can expect to be always delayed with Lion Air. When it’s not, it’s going to surprise you like never before. I understand that this is a low cost airline, but Lion Air’s fare is far from low cost. It costs a minimum £50 to fly 1.5h from Jakarta to Denpasar.  I need to arrive 2h before my flight but I’d have to wait for this airline to ruin my day?  I know sometimes it’s inevitable as Lion Air serves routes that other airlines don’t, but oh my goodness, it’s just not worth it.",Boeing 737-900,Solo Leisure,Economy Class,Jakarta to Denpasar,May 2022,1.0,2.0,,1.0,,,1.0,no
11149,Iberia,2,"""most uncomfortable"" ",25th April 2023,True,  This has to be the most uncomfortable travel experience. No free catering and a seat pitch that resulted in me being unable to sit without hitting the seat in front. Not possible to pick a seat without payment. ,A319,Business,Economy Class,Madrid to Munich,April 2023,1.0,2.0,,3.0,,,2.0,no
9105,Eurowings,1,"""Terrible Customer Service"" ",6th July 2022,True," Terrible Customer Service, no one to talk to, no one answers any e-mail, No one takes any responsibility. Suitcase did not arrive at destination, already waiting a week for any update or need on the where about off the baggage. Completely ruined my trip to Germany. 30€ for each of the first 3 days? Many emails have been send to Eurowings customer service and several Managers without any response. ",,Family Leisure,Economy Class,London to Cologne,June 2022,1.0,1.0,,1.0,,,1.0,no
5094,Azerbaijan Airlines,1,"""I will recommend the airline""",17th September 2017,False,"  Lviv to Baku. I bought ticket 5 months earlier and it was cheap price (84EUR return). When we arrived at Lviv airport we've realised that our flight is the last flight of a day, so airport wasn't busy at all. Boarding was quick and comfortable, cause there wasn't much passengers on this flight (more than half of seats was unoccupied). Flight took about 4 hours, and because of low occupancy I can lied on 3 seats in row, so I slept about 2,5h-3h of flight. Stewardesses were the most polite and friendly airplane stuff I've ever met. There were absolutly no problems with getting additional blankets or something to drink (free of curse). In flight entertainment system was headphones with sort of a MP3 player in armrest and TV screen for every 6 seats. It was surprising, because I've never seen on such short flights IFE in economy. The only one problem was that wifi didn't worked at all. We landed on time at Baku airport (about 4am). It not took much time to get out of terminal and enter bus that took us direcktly to city center. Interesting thing about this airline is that on wide body jets AZAL have strange numeration - on the left seats are ABC (like normally), but on the right they have letters JKL (where normally is DEF) - this made me a little bit confused (first time seen something like that). Ending, I honestly can say that I will recommend the airline to enybody - it is great quality for cheap price.",A320-200,Couple Leisure,Economy Class,Lviv to Baku,June 2017,5.0,5.0,5.0,5.0,4.0,,5.0,yes
7055,China Southern Airlines,1,"""comfortable and happy on this flight""",11th April 2022,True,"  I would like to thank the crew and staff for their warm service, I felt very comfortable and happy on this flight. I arrived safely in Sydney on the 30th of March 2022. Everything went smoothly during the departure preparation process at Baiyun Airport such as check-in and baggage check-in.  I was impressed by the seriousness and enthusiasm of the crew on this flight and would consider choosing China Southern Airlines again if I had the chance.",,Solo Leisure,Economy Class,Guangzhou to Sydney,March 2022,5.0,5.0,5.0,5.0,5.0,2.0,5.0,yes
11029,Hong Kong Airlines,8,Hong Kong Airlines customer review,27th August 2018,True,"  Hong Kong to Bangkok. I haven't flown with Hong Kong Airlines for well over a year and so much has changed (for the better). Both sectors the business class is 1x2x1 configuration fully flat bed. The new lounge at the satellite terminal is beautiful and really worth a visit.The service is top notch, with an improved menu. Welcome drink is just water and juice, no champagne on offer, but alcohol is served during the meal if requested. Boarding is very orderly and efficient both in HK and BKK. Crew are welcoming and pro-active, especially the senior purser who held a great conversation with me. On return, a new A350 aircraft is deployed and the product just got even better! The famous Blue elephant restaurant designed a good menu for them. I am truly impressed by such an airline from my own country, their business class tickets are often very reasonably priced. therefore I have no hesitation to fly with them again in future.",A330-300 / A350-900,Solo Leisure,Business Class,Hong Kong to Bangkok,August 2018,4.0,5.0,4.0,4.0,4.0,,4.0,yes
3349,AirAsia Philippines,2,"""original flight was cancelled""",2nd June 2020,False,"  My original flight was cancelled one day before the supposed itinerary due economical reasons by AirAsia. A full refund on the credit card was promised. After 3 months I got a credit for future flights without having an option to choose.  In the end I tried to move to flight to a later date without any success. I was the chat several hours waiting. The emergency hotline if you get connected kicks you out after 10 min in the waiting line. When i got connected to service staff, she was not helpful to move the flight.  Overall contact from the customer to the airline seems not to be wanted from the side of Air Asia.",,Couple Leisure,Economy Class,Cebu to Singapore,March 2020,,,,,,,3.0,no
3039,Air Transat,1,"""such awful customer service""",17th August 2022,True,"  Lisbon to Los Angeles via Montreal. As others have said, their lost luggage service is virtually non-existent. Air Transat lost a bag almost two months ago, and we still haven't gotten a reimbursement! Calling or emailing for an update is simply impossible. No one responds to email, the website is no help, and the baggage hotline just redirects to the website. I've never experienced such awful customer service in my life. It's no use buying a low-cost airfare if you're going to get screwed in the long run.",,Family Leisure,Economy Class,Lisbon to Los Angeles via Montreal,June 2022,3.0,3.0,3.0,3.0,3.0,3.0,1.0,no
12449,Jetstar Asia,9,"""crew was friendly and efficient""",27th April 2019,True,  Yangon to Singapore (Flight 3K584 seat 1C). The online ticket purchase was easy. I was positively surprised with my check-in as well as the in-flight experience. I had to catch a connecting flight (with a different airline) and the check-in staff was very friendly and allocated a seat at the front so that I can disembark quickly. The crew was friendly and efficient.,,Solo Leisure,Economy Class,Yangon to Singapore,April 2019,4.0,4.0,4.0,5.0,,,5.0,yes
3169,AirAsia,1,"""Nothing on time. Nothing organized""",6th January 2023,True, ZERO OUT OF 100. Worst airline I have ever flown. Nothing on time. Nothing organized. Was selectively pulled out to have bags weighed and charged more. Extra 900 pesos for a carry on that weighed 8kg. Flight was delayed at every stop. Didn't arrive to catch our transport in Puerto Princesa on time. Then again leaving the flight was delayed an hour. Still sitting here as a matter of fact. Philippines Airlines and Cebu Pacific both moving smooth on either side of us.,,Family Leisure,Economy Class,Manila to Puerto Princesa,January 2023,1.0,1.0,1.0,1.0,1.0,1.0,1.0,no
11763,ITA Airways,1,"""I was treated badly on board""",5th August 2022,False,  It’s been a nightmare honestly. I was treated badly on board and my flight were delayed and my bags were lost. Not much to say apart from I’ll never set foot on an ITA Airways flight again and I would not recommend it.,,Business,Economy Class,London to Tunis via Rome,July 2022,1.0,1.0,1.0,1.0,1.0,1.0,1.0,no
11270,Iberia Express,1,"""a miserable experience""",15th June 2018,True," Marrakesh to Malta via Madrid. Most disorganized airline I have had the misfortune of flying!! Our complaint with Iberia airlines began when we were stuck waiting to board at the rear doors of the aircraft on the steps in the hot Moroccan sun for 20 minutes, only to be told they needed to close the rear door so we would have to walk to the front. My mother, with her bad knee, and I walked back to the front doors of the aircraft where we were the last ones on board. At the top of the steps a man begins putting tags on our hand luggage without saying a word to us. I ask if this means they will have to be checked and he just says “No space” and gestures inside. I understand we are the last ones on the plane (not intentionally) so there is no space left but they could at least tell us what was happening with our bags instead of taking our luggage without a word. Inside the plane, there is no soap in the toilets which we realized after another passenger spilt Coca Cola on top of my mother wearing all white. Now the belt is ruined, shirt stained, and my mother is completely sticky. On arrival in Madrid, we wait to collect our bags next to the plane as the agent in Marrakech had instructed us. One of the flight attendants informed us that our bags were “probably” en route to the final destination of Malta. We replied that there was no information given, as to our final destination, so we deduced that the bags must be in Madrid. We are then told that “most likely” our bags were in Madrid but we would have to go outside security to collect them and then come back. After waiting at the baggage claim the bags finally arrived. We narrowly made our next flight and were one of the last on this flight as well. On our next flight we were lied to by two agents saying there was absolutely no space for our bags but once we were inside we found at least 10 empty spaces (as well as numerous empty seats) that we could have used rather than leaving our bags to get lost again. Overall a miserable experience flying with Iberia, I would recommend flying any of the low-cost airlines who have a better standard of service than this. I would have rather swam through the med than gone through this. My mother might not have many trips left and this company certainly ruined one of them.",,Family Leisure,Economy Class,Marrakesh to Malta via Madrid,June 2018,1.0,1.0,,1.0,,,1.0,no
19782,TAME,n,TAME customer review,12th February 2004,False,I agree 100% with Mr D'Adatto Tame´s staff's attitude contrast with the natural friendliness of Ecuadorian people. I have flown twice in the GYE GPS route and many others in the UIO-GYE-UIO and altough the new A320 is quiete a nice airplane the flight attendants on board all my flights are the worst crew I have flown with and believe me I fly a lot. What is the matter with the airline's staff please get someone who enjoy their jobs. Tame's staff have got really a bad attitude towards their customers. I hope and I really do that anyone from TAME would read these comments and take some action about the way they treat their passengers. There is a kind of new airline in Ecuador ICARO which you should try flying at least in the UIO-GYE route.,,,,,,,,,,,,,no
8667,Emirates,5,"""Cabin crew were really surly""",16th July 2023,True, First the good: flight not full so seat space was more than adequate and very comfortable. Entertainment was excellent as always on Emirates. Now the not so good: meal was barely passable and did not come with a drink which as a diabetic isn't good. Cabin crew were really surly and did not speak coherent English.,A380,Solo Leisure,Economy Class,Auckland to Dubai,May 2023,4.0,1.0,1.0,4.0,5.0,,4.0,yes
1423,Air China,1,"""Terrible service""",10th October 2019,False,"  Frankfurt to Shanghai with Air China. Terrible service at check in counter and terrible online check in. They would not let me pick a seat online. They said many people have the same problem. I was at the counter 5 hours before the flight to check in. They gave me the worst seat in the front row and did not ask. Luckily there were better empty seats behind me, so I switched. So stupid that they don’t care enough even about business class customers to offer them a good seat. At least on the plane they were better. ",A350,Couple Leisure,Business Class,Frankfurt to Shanghai,October 2019,3.0,4.0,4.0,1.0,3.0,,1.0,no
15054,Nok Air,1,"""terrible service""",31st July 2022,True, Delayed from Trang DD599 31st July. Staff repeatedly lying about delay and departure schedule. We will not travel on Nok again unless it is 110% essential travel. All Nok customers should be made aware of this terrible service. ,,Family Leisure,Economy Class,Trang to Bangkok,July 2022,2.0,2.0,,1.0,,,1.0,no
17571,SATA Air Azores,3,"""undue stress and frustration""",18th February 2017,False,"  We travelled on Flight S4301 from Lisbon to Toronto on Feb 10th. Firstly, the entertainment system did not work on our flight to Lisbon on Jan 7th and still was not working on Feb 10th flight. Most importantly: We never check baggage when flying: however SAT Azores limits cabin baggage to 8 kg so we reluctantly checked two small bags weighing approx 10 kg each. Arriving in Toronto the whole flight's luggage did not arrive on carousel 9 for 1.5 hrs. Other flights landed after us and had baggage on carousels before they got thru customs e.g. Georgetown/Port of Spain, Miami and Reykjavik. 1.5 hrs to get luggage is totally unacceptable - no one can leave for a connecting flight without taking luggage thru customs. This caused undue stress and frustration for the whole flight.",A330,Couple Leisure,Economy Class,Lisbon to Toronto,February 2017,2.0,3.0,3.0,1.0,,,1.0,no
4090,Allegiant Air,1,"""scores minus zero in my book""",5th December 2022,False," I was not able to actually take the trip for the ticket I purchased. According Allegiant's website, changes would be easy to make if necessary and only required a $25 fee. I attempted to make changes on Thanksgiving Day and could not reach them by phone, email, or the chat feature on their website. Hold times were in excess of 3 hours. Understanding this is the case during the holidays, I kept trying to reach them until I finally reached someone 4 days later by setting my alarm to wake me up at 4:00 a.m. so that I could call them. At this point, I was outside of the 7-day window, but tried to explain to the representative that I'd been trying to reach someone well before the 7-day advance notice requirement for changes. The key word here is that I ""tried"" to explain. The representative I spoke to was the rudest person I think I've ever reached in a customer service department. She kept cutting me off and reciting what sounded like a script that she was reading off of her computer screen. By the time she was finished listing all of the applicable fees, she said my $200 ticket was really only worth $23. I asked to speak to a supervisor and again attempted to explain the extenuating circumstances under which I needed to make a change, but she continued to rudely cut me off mid-sentence. Finally I was so angry I just hung up the phone. The airline needs to anticipate high call volume around holidays and still provide a means of communication with its customers. I was assured by the website that my email would receive a response within 24 to 48 hours, but now almost 2 weeks later I still haven't heard from anyone. They should also train their phone representatives to have some common courtesy and allow customers to speak and not treat everyone as if they're stupid. Let me also add I actually drove 45 minutes to the airport to speak to a representative in person, but there was not one single Allegiant employee at the airport that I could speak to. Overall, this airline scores minus zero in my book!",,Business,Economy Class,Houston to Mesa,December 2022,1.0,1.0,,1.0,,,1.0,no
12403,Jetstar Asia,3,"""Overall bad experience""",9th April 2023,True," Firstly, upon our arrival, the flight attendant was impatient and had a bad attitude. There was not enough space for our carry on bags above our seats and they gave us attitude by blaming us for not coming 'early enough' and because our bags are 'too big' - All of our bags were smaller than the dimension limits!! Clearly that's Jetstar's fault that they don't leave enough space for people's luggage. Secondly, the flight attendants all clearly saw that the people behind us were causing trouble by being very noisy the entire 6 hour flight and annoying everyone around them. We kept telling them to be quiet but instead of the staff helping to deescalate the situation they kept giving them more and more alcohol - they were clearly drunk! What happened to RSA and not giving drinks to intoxicated people? The more drinks they had the more noisy and bothersome they became. Overall bad experience and I would not recommend Jetstar to anyone.",A321,Family Leisure,Economy Class,Sydney to Bali,April 2023,3.0,1.0,,2.0,,,2.0,no
2582,Air New Zealand,2,"""I don't think I would fly with them again""",1st November 2021,False,"  Air NZ I think I would say are one of the worst I have ever flown with. Customer service to book flights and giving the right information is very poor. Kept calling them everyday for flights back to any state in Australia and they would say there aren't any flights, but with family friends I know they have booked flights back to Australia and when I asked they said not possible, I even send them information that has been stated from the Australian government and they had no knowledge about it. They lie too much in the customer service department, I flew with them because some had said they are world class but for me that's nowhere close to being a world class airline. I don't think I would fly with them again.",,Solo Leisure,Economy Class,Perth to Auckland,May 2021,1.0,2.0,2.0,3.0,2.0,1.0,2.0,no
18089,SilkAir,1,"""no service quality at all""",7th July 2016,False,"  Booked through SIA website and it turned out to be SilkAir flight to Xiamen. Regretted travelling with them as it turned out to be budget airline standard although you paid full fare. The cabin crew were stony-faced with no service quality at all. No head phones provided and no individual screen at all. Worse still, flight was late on arrival. Wish me luck with my return flight. Should have travelled with Xiamen Airlines which was cheaper. ",Boeing 737-800,Solo Leisure,Economy Class,SIN to XMN,July 2016,2.0,1.0,1.0,3.0,1.0,,1.0,no
9606,Flair Airlines,5,"""fly with minimal luggage""",2nd June 2023,True,"  I recently flew with Flair from Edmonton to Toronto. I have flown with Flair 4 or 5 times now on similar routes across the country. If you can fly with minimal luggage, ie. smaller than a full size carryon bag and you value saving money over pretty much everything else in the air travel experience than Flair can be great. They offer budget flight costs and deliver reliable budget flight experiences. If you need to carry luggage and/or you want any amenities at all you are going to end up paying more or being disappointed. I would recommend shopping around as I have had flights with West Jet and Air Canada that were as cheap or close to a Flair flight. You'll get a much better travel experience with those airlines. That said I will fly Flair again when their fares are significantly lower than the major airline options. Staff has been friendly and professional - planes are clean - flights have been mostly on schedule - cheap fares Cabins are cramped and older styles - service/amenities are limited or absent - you'll pay for anything extra you want including a carry on bag",Boeing 737-800,Solo Leisure,Economy Class,Edmonton to Toronto,May 2023,2.0,2.0,,3.0,,,5.0,yes
20599,Tigerair,2,"""lost loyal travellers""",11th January 2016,False,"Denpasar to Singapore. I am a regular customer of Tigerair and in general quite satisfied with their value for money proposition. Now for our upcoming holiday I forgot to turn off the 20 kg add-on luggage option that is the standard option for all of my 5 family members both ways. At 27$ per person the maximum added costs is 270$. When I called their service hotline for some leniency it was made clear that once confirmed nothing could be refunded. Actually the lady said that ""no refund is possible for all services you added."" I calmly made clear to her that I didn't add anything but that her airline added it for me. Still, nothing could be done. Tigerair just lost a whole family of loyal travellers.",,Family Leisure,Economy Class,DPS to SIN,January 2016,2.0,2.0,1.0,1.0,1.0,1.0,1.0,no
20267,Thai Smile Airways,1,"""my seat was set to center seat!""",17th October 2022,True,"  I had booked the ticket with aisle seat. But after checked in, the boarding pass mentioned a center seat. I didn’t check it when I received it because I believed the seat is to be the same as what I booked online. Then just before boarding I found my seat was set to center seat! So, you should not believe the staff at counter and must check it when you receive it.",A320,Business,Economy Class,Kathmandu to Bangkok,October 2022,1.0,3.0,3.0,1.0,,,1.0,no
11850,Japan Airlines,1,"""all of the food was truly superb""",29th December 2019,True," Boston to Manila via Tokyo-Narita. The flight from Boston to Tokyo was on a B787-9, and the flight from Tokyo to Manila was on a B787-8. The flight from Boston to Tokyo was scheduled to depart in the middle of a blizzard. Unfortunately, this created some problems regarding preparing the aircraft. We eventually boarded (very quickly, as is Japan Airlines' custom). We then had to wait for a while as our plane was de-iced. We ended up leaving Boston about two hours late. However, the pilots were able to make up for one of those hours in the air, so that we only arrived about one hour late in Tokyo. Another passenger was concerned about making his connecting flight in Tokyo. A flight attendant calmly explained that he would have enough time and that they would hold the flight for him if necessary. This turned out to be unnecessary, as, to my shock, the staff at Narita basically just allowed all arriving passengers with connecting international flights to go directly into the gate area without first clearing security. This was truly a godsend and ensured that people really did make their connecting flights. And since gates weren't supposed to close until just 10 minutes before departure, this meant they did not even have to hold planes for people! As for the inflight experience, it was similar to my experiences from Manila to Boston, except that there was no last-minute snack service just before arriving in Tokyo. Instead, they offered us sweet buns midway through the flight. Again, we were served a full meal on the flight from Boston to Tokyo and on the flight from Tokyo to Manila, as well as a light meal towards the end of the flight from Boston to Tokyo. And once again, with the exception of the full meal from Boston to Tokyo, there were no choices for the meals-there was only one option. However, as usual, all of the food was truly superb. Because I was flying during a different month from my previous flights with Japan Airlines, I noticed they removed from their entertainment system a movie I had begun watching previously and had hoped to finish watching during this trip. That was disappointing. There were toothbrushes and toothpaste available in the lavatories during the flight from Boston to Tokyo, but not until relatively late in the flight. Again, flight attendants and gate staff were fantastic. Another excellent experience on Japan Airlines!",Boeing 787-8 and Boeing 787-9,Solo Leisure,Economy Class,Boston to Manila via Narita,December 2019,5.0,5.0,5.0,5.0,3.0,,5.0,yes
18918,SpiceJet,9,"""cabin crew were professional""",10th March 2022,True,  I was delighted to fly with SpiceJet as my recent experience with them was fantastic. The cabin crew were professional and kept their cool throughout the journey. Their hospitality was commendable. ,,Family Leisure,Economy Class,Dubai to Madurai,March 2022,5.0,5.0,5.0,5.0,,,5.0,yes
6300,Bulgaria Air,7,Bulgaria Air customer review,5th October 2014,False,I have flown from Paris CDG to Sofia with an Embraer 190. Nice staff serving excellent food. Nevertheless the legroom in the first business row is quite bad.,,,Business Class,,,0.0,0.0,0.0,,0.0,,0.0,yes
23087,Yangon Airways,8,"""All in all a good flight""",26th September 2017,False,"  Bagan to Heho. Very short flight again another ATR aircraft, as a nervous passenger I was not looking forward to the flight but it was great. Seating was 2-2, no seat numbers given as only a few passengers on this flight. No Inflight snack but coffee or cold drinks were supplied. All in all a good flight and would travel again.",,Solo Leisure,Economy Class,Bagan to Heho,September 2017,4.0,2.0,3.0,2.0,,,4.0,yes
2279,Air Mauritius,1,"""expected better treatment""",14th October 2017,False,"  London to Mauritius. In July 2017 myself, my wife and 2 children aged 1 and 3 travelled to Mauritius. As a regular kestrel Flyer, I expected better treatment and better service. They are very child unfriendly.  When we landed, one of our luggage was missing. This is despite the flight was the flight was delayed by more than one hour. We landed on a Sunday, and had to attend a wedding the same night. My wedding clothes and that of my wife were in that luggage. I complained to the staff, they could not care less and said I was not entitled to anything and was sent away. No manager was available and later in turned out that the duty manager on the day was busy attending to the Prime Minister's wife in the State lounge and could not be bothered about paying passengers. I complained to their customer service, and the service I received was poor. I wrote to the CEO and their Chairman. No response at all from them. When we returned to the UK 2 weeks later, two Air Mauritius Staff were travelling. They were being given business class treatment when they were travelling in economy in front of paying customers. I spoke to the cabin crew about this, and they could not care less. What they offered me is 5000 travel points, 50 Euros, and to use their lounge when I travel next which is pathetic to what my family went through travelling with them. ",,Family Leisure,Economy Class,London to Mauritius,July 2017,1.0,1.0,2.0,1.0,,,1.0,no
1501,Air Dolomiti,1,"""could not care less about customers""",10th October 2021,True,"  They simply could not care less about customers. 4 people who had checked in early were denied seats because airline switched to a smaller aircraft. 4 suitcases lost and not delivered for 5 days. Zero chance to contact anybody and no communication at all from the airline. On return check in one counter for 150+ passengers. Upon asking why there are no more counters open it was suggested ""if you want to you can complain"". Return trip - luggage lost again. 80 mile delivery takes 3 days +",Embraer 195,Couple Leisure,Economy Class,Florenze to Fankfurt,October 2021,2.0,3.0,1.0,1.0,1.0,1.0,1.0,no
21668,Vietnam Airlines,1,"""Awful customer service""",31st January 2023,True," Awful customer service, impossible to contact and their website just kept coming up with an error message when I tried to change my flight. They had no representative at the airport despite co-operating a flight from there and I ended up having to buy a new ticket. Vietnam Airlines still refuse to refund the ticket I no longer needed. Never use this airline unless its a last resort they are totally useless. Also trying to talk to customer service in Ho Chi Minh airport is impossible as they just ignore foreigners and serve Vietnamese people first. Incredibly rude.",,Solo Leisure,Economy Class,Manila to Ho Chi Minh,December 2022,1.0,4.0,1.0,1.0,1.0,1.0,1.0,no
7467,Copa Airlines,1,"""experience was a total joke""",23rd January 2023,True,"  My husband and kids were returning from a a trip to Brazil. We got on the airplane everything was fine. Upon entering Panamá we had only 1 hour and 30 minutes. The people at the gate checked out stroller cart when we asked for the tag so we could use it in Panamá. We had two small kids and 4 carry ons with no stroller to carry the kids. We asked for help before the flight and when we got into Panamá, both times we were met with ""No"". We finally got to our gate and had to go through yet another security checkpoint, even though we just had a lay over. So they asked for my green card for no reason. They were rude and yelled at us. After that my kids were hungry and thirsty. So my husband when to go use the restroom and buy some food and drinks for us. When he came back the lady told us we couldn't have food and drinks in the gate area. So my husband called us to the side of the gate area and tried to give my and my kids a drink and the lady yelled at us and said they can't drink it inside the gate area.  The lady was standing there watching us. Like WTH. So my kids went out with my husband and I had to stay with the bags. Then when we got to the US our stroller was destroyed. The handle pad ripped, the cloth stained from grease and the sun visor broken. We tried to file a claim with Copa but they just brushed us off. It looks like garbage now. The whole experience was a total joke and just embarrassing for that company. We would rank it a big fat 1. ",,Family Leisure,Economy Class,São Paulo to Denver via Panamá ,January 2023,1.0,4.0,1.0,1.0,1.0,3.0,1.0,no
9482,Finnair,1,"""They have very bad customer service""",15th December 2021,False," This is the first time i used Finnair but it is also the last time. They have very bad customer service. My flight was from Oslo to Los Angeles. At Oslo airport, they dont have self service bag drop like other airlines, instead, they had only 1 person working at the baggage checkin, thus, there was such a long queue. I arrived at the airport 2 hours before the departure time because i thought it was enough, just like other times when i used other airlines. But the queue was so long that when i had my bag checked in it was already the departure time, meaning i wait in the line for 2 hours. I was so worried and people waiting at the same time with me also were frustrated. But they waited for us to board. But i had only 1 hr transfer time at Helsinki to take the flight to LAX, so when i landed in Helsinki it was 16.30 instead of 15.30 as schedule. My next flight departure time was 16.30 so i definitely would miss it. Lucky for me that the flight from HEL to LAX was also delayed because of bad weather so i could catch it, but they lost my baggage. I filled in the form at the airport to report the lost bag, they did not give me a report reference number so i cannot track where is my bag, then i contacted them by chatting but they only allow me to chat with this stupid chatbot that cannot help me anything, i tried to call them with the number on their website but it said the number is not valid. It is very frustrating with their bad customer service. I will never use this airline again. When i am writing this, i still don't know where is my bag and how can i contact them, they don't contact me at all",,Solo Leisure,Economy Class,Oslo to Los Angeles via Helsinki,December 2021,1.0,1.0,1.0,1.0,1.0,1.0,1.0,no
2614,Air Niugini,2,"""aircraft clean but very old""",1st November 2015,False,"Air Niugini from Buka Port Moresby with Fokker 100. Good experience. Inflight service was nothing for Buka to Rabaul flight due to short flight time just 1 hour, Rabaul to Port Moresby with 2 cookies and orange juice Only. Aircraft clean but very old. No inflight Entertainment, no newspapers, no inflight magazine. Flight Attendant to keep the safety procedure.",Fokker 100,Solo Leisure,Economy Class,Buka to Port Moresby,October 2015,2.0,1.0,1.0,2.0,,,1.0,no
7628,Corsair,3,Corsair customer review,8th September 2011,False,YUL-CDG. First at check-in I had to wait but staff were friendly. VIP Lounge crowded lots of food choice drinks. and computers available. Was not hungry but soup cheese sandwiches all available. Boarding was chaotic they asked families with children first and Business passengers to follow. What an awful experience had to queue for a long time after children. Very old 747 cabin and plane staff in Classe Grand Large friendly. Nice IFE system with many choices of movies but we had little space. Food was tasteless and I wanted to sleep. Baggage delivery was quick. Corsair needs to update the planes and the Classe Grand large.,,,Business Class,,,,,,,,,4.0,yes
3309,AirAsia India,9,"""service was very good"" ",9th November 2018,True,  Goa to Hyderabad. The service by the inflight attendants was very good. The flight was the smoothest of all I had ever experienced. Even though the take off was a bit delayed the captain saw that we reach our destination on time. And the landing was the smoothest I ever experienced. The food options in their menu was also awesome.,,Family Leisure,Economy Class,Goa to Hyderabad,November 2018,5.0,5.0,5.0,5.0,,,5.0,yes
12455,Jetstar Asia,7,"""my entire journey was smooth""",7th February 2019,True,"  During my trip from Singapore to Ho Chi Minh City, my entire journey was smooth. Jetstar offers e-check in kiosk in Singapore Changi Airport Terminal 1 and you can obtain your boarding pass/upgrade yourself at the touch of a button. There are also check in counters available for my use which is very convenient. The crew on board were courteous and polite and it made the entire journey more enjoyable. Good job!",A320-200,Couple Leisure,Economy Class,Singapore to Ho Chi Minh City,January 2019,3.0,4.0,,4.0,,,5.0,yes
9108,Eurowings,1,"""The worst service and air company""",21st June 2022,True,"  Direct flight 19/06/2022 from Rome to Hamburg was canceled 7 hours before departure. No hotel, no food, no transfer offer / voucher of information from Eurowings.  Call center don’t answer. No Eurowings staff at the FCO airport. You have to find out everything by yourself. Had to find a hotel for my own money. But what if you don’t have money for hotel? Or food? Got only email with alternative flight 20/06/2022 evening from FCO to FRA and from FRA to HAJ which is not my final destination at all. From Hannover HAJ I have to somehow get to Hamburg HAM 21/06/2022 at night by my own. No transfer offer or any information. And two missed work days. The worst service and air company I know.  And compensation I can claim online is only 250eur? One hotel night and dinner in Rome costs more. ",,Solo Leisure,Economy Class,Rome to Hamburg,June 2022,1.0,1.0,,1.0,,,1.0,no
14857,Monarch Airlines,n,Monarch Airlines customer review,12th February 2015,False,Flight from Luton to Alicante last July. 9 hour delay minimal information. No staff on the ground. Arrived in the dark to collect my rental car. Return flight delayed although only 2/3 hours so felt lucky! No stairs to disembark at other end so had to wait half an hour for them to arrive then luggage didn't arrive for a further hour. Would never use them again.,,,Economy Class,,,3.0,2.0,0.0,,0.0,,1.0,no
20830,Transavia,1,"""incompetence at its best""",26th July 2023,False," Worst company ever, don't fly on it ever, and if you unfortunately have to - don't ever use suitcases only small bags that you can carry. Worst customer service ever, incompetence at its best, I don't advise it to anyone not even to my worst enemy. TRASH is too good to define this company/service.",Boeing 737,Couple Leisure,Economy Class,Berlin to Lisbon via Amsterdam,June 2023,2.0,1.0,1.0,1.0,,,1.0,no
11954,Jeju Air,6,"""the plane was very dirty""",27th August 2019,True,"  Seoul Incheon to Tokyo Narita. Cheap ticket and wasn’t expecting much but the plane was very dirty and tired looking. My seat back tray had clearly been used as a kids colouring book at some point on a previous flight and was covered in long stripes of multi colored crayon. I didn’t purchase any food on the flight so I didn’t need to make use of the tray so not a big deal though. The seat pocket and the sides of my seat were utterly gross, caked deep with crumbs, food fragments and assorted gunge that was all a bit nasty. No entertainment screens but there were in flight radio channels available which I didn’t use as I had my iPod to listen to as usual. The seats were a bit cramped with my knees touching the back of the seat in front (I’m 6ft tall so nothing particularly new on an LCC flight). When I put my bottle of water in the seat pocket I had to sit at an angle so I could fit in the space as well. The flight itself was smooth enough, the cabin attendants were polite and friendly and we got to our destination without any delays of troubles. Not the cleanest plane I’ve ever been on but we got from A to B cheaply",,Couple Leisure,Economy Class,Seoul Incheon to Tokyo Narita,August 2019,2.0,5.0,,5.0,2.0,,4.0,yes
5329,Bangkok Airways,9,"""Asia's favourite boutique airline""",31st August 2022,True,"  They deserve to be called Asia's favourite boutique airline. Everything about flying Bangkok Airways was a pleasure. From efficient check-in to friendly staff on the ground and in the air. But, most importantly the comfort of the business class seats. They are from an era in aviation when comfort was king. Okay, so there was no in-seat entertainment screen - but who still needs those anyway?",A319,Couple Leisure,Business Class,Ko Samui to Bangkok,August 2022,5.0,5.0,4.0,5.0,,,4.0,yes
12130,Jet2.com,9,"""Pretty punctual""",14th May 2019,True,"  Stansted to Naples. Another return trip with Jet2.com. Pretty punctual, friendly crew and slightly uncomfortable seating. Nothing special to report, no complaints.",Boeing 737-800,Couple Leisure,Economy Class,Stansted to Naples,May 2019,3.0,4.0,,4.0,,,4.0,yes
11641,Iran Air,n,Iran Air customer review,6th March 2005,False,CGN-HAM-THR at the end of December 2004 and back January 2005. First of all our flight was originally CGN-THR but due to one or another reason they flew to HAM first filled up the rather old but clean A310-300 with further passengers and then proceeded to THR. The result was that we arrived 6 hours delayed compared to what was previously planned. At least they called us one day before departure and told about the itinerary change. Furthermore we got a voucher of EUR 15- each for use in restaurants at CGN due to the delay. Inflight service was nice food was fine and women did not have to wear the headscarf onboard any more. Also took domestic flight at several occasions when travelling in Iran. THR-IFN IFN-SYZ KSH-THR and BND-THR (intermediate stop at IFN) on F100 B727 and A300B4 were fine on time good catering. They keep an old fleet that well-maintained and clean.,,,,,,,,,,,,,no
6865,China Airlines,7,"""there is good legroom space""",2nd August 2019,True,"  Taipei to Vancouver. Relatively new A350 with comfortable seats and nice 11"" IFE screen with USB and power outlet. The back seat design lacks enough forethought in not making available slots for tablets and mobile phones and a hook for small items to hang. Having said that there is good legroom space. The entertainment choice is still limited. The flight crew service was better than the ICN-TPE leg but they lack the courteousness that other Asian airlines are known for. One example, one flight attendant told a passenger to bring the seat back upright for a meal. She was quite rude and abrupt. For a Chinese her manner would have been viewed as a typical request, but as a flight attendant serving passengers of various nationalities, that would not be acceptable. She looked as if she was one of the more senior member of the flight crew. The food was still below average and the flight attendants were once again rushing through the meal service offering coffee and tea even though passengers had not finished the main meal. Overall, they lack the expected attention to detail and professionalism to compete effectively with other airlines. The excellent hardware, ie. the plane, is let down by the subpar flight crew service.",A350-900,Couple Leisure,Economy Class,Taipei to Vancouver,July 2019,4.0,3.0,3.0,3.0,3.0,,4.0,yes
21960,Vistara,1,"""treat you like a valued customer""",24th April 2023,True,"  Quickly becoming one of my favourite airline to travel with, Vistara treat you like a valued customer. The seat has an adjustable headrest, we were given free headphones for the IFE, a small meal was provided, all on a flight of under an hour! Also left on time and arrived early",A321,Solo Leisure,Economy Class,Mumbai to Goa,April 2023,4.0,5.0,5.0,4.0,4.0,,5.0,yes
8748,Emirates,5,"""not a very good experience""",13th December 2022,True," This was not a very good experience. Starting with the Airport, I was forced to check one of my carry-ons due to “no space” on the plane although it was not a full flight and I was made to pay a huge amount of money just for that and what’s worse is that the bag had a lot fragile souvenirs and I risked breaking all of them. Thank goodness it was loaded in Japan and no harm was done and the bag dodged a bullet. I don’t remember Emirates being that needlessly strict. I’m not sure if the airline changed the aircraft because the extra legroom seat that I paid for was different than the one I got as the exit door was in the way so I had to lean a little on the person next to me to get the full legroom feel. It was a long flight but it went smooth and the food was extremely delicious. The flight attendant that was assigned to our row, although efficient, made me feel like an inconvenience as she had very low energy and didn’t seem very enthusiastic to the point that while was pouring me apple juice, the carton ran out of juice while the cup was half full and that’s how she served it without bothering to open another carton. For the whole flight I was waiting for her to pass by us so I can ask the other, much nicer attendant for water and/or assistance whenever I needed something. For some weird reason, the much advertised On Air WiFi did not work which took another point out. ",A380,Solo Leisure,Economy Class,Tokyo Narita to Dubai,December 2022,3.0,2.0,5.0,3.0,5.0,1.0,3.0,yes
22997,Xiamen Airlines,8,Xiamen Airlines customer review,2nd December 2013,False,Flew PEK-FOC and back. Took the early morning flight which are always on time. Served a biscuit and some snacks for breakfast. Only problem was that the entertainment was in English only. Tickets were cheap and cabin crew were ok. I would choose this airline over China Southern or Eastern.,,,Economy Class,,,4.0,4.0,4.0,,3.0,,4.0,yes
22398,Volaris,1,"""overbooked and sold my seat""",13th March 2022,False,"  I bought a ticket 24 hours before traveling with assigned seats. I go to the airport and found out they overbooked and sold my seat. Their comment: ""You should have checked in 48 hours in anticipation"". What solution they gave me: A flight 3 hours later to a little town 5 hours driving to my final destiny. Oh and because they are nice, they were willing to give me $75 bucks for my flight that caused approx. $230. They lied to me. The Agent told me they processed a refund. I called hours later and no refund . And i couldn't process the refund being on the line. I have to fill out a form because that's the way they handle things. Please, make yourself a favor and don't travel with this airline.",,Couple Leisure,Economy Class,Mexico City to Oaxaca,March 2022,,,,1.0,,,1.0,no
21234,Turkish Airlines,1,"""rude and irresponsible""",7th February 2023,True, I regret that I chose this airlines. Their employees so rude and irresponsible. They have no respect for customers and treating customers very bad. I will never travel with them again.,,Solo Leisure,Economy Class,Amsterdam to Istanbul,February 2023,2.0,1.0,1.0,1.0,1.0,1.0,1.0,no
2339,Air Memphis,7,Air Memphis customer review,30th April 2012,False,We booked a day trip to Luxor from Sharm and flew Air Memphis. Aircraft was an old MD83 which was tired looking inside and out but clean. Friendly cabin crew juice and a snack were served. Don't let appearances put you off.,,,Economy Class,,,,,,,,,4.0,yes
19960,Thai AirAsia,8,"""Uneventful flight""",20th July 2019,True,"  Bangkok to Udon Thani. Uneventful flight, I like that. Check in was very easy and pleasant at Don Mueang airport, not many passengers on plane, flight left BKK early, and arrived in Udon Thani 25 minutes prior to scheduled arrival, fantastic!",,Solo Leisure,Economy Class,Bangkok to Udon Thani,July 2019,3.0,4.0,,4.0,,,3.0,yes
20806,Transaero Airlines,1,Transaero Airlines customer review,26th October 2011,False,DME (Moscow) to LHR. Good check-in staff but from there things were not up to scratch. Inflight announcements indecipherable cabin crew unfriendly and food and service definitely not up to international standards. Needs significant improvement.,,,Premium Economy,,,,,,,,,1.0,no
5607,Blue Air,1,"""Avoid it by all means""",23rd August 2022,True,"  Completely unprofessional.  They refuse to give the money back and offer no choice but accepting their lousy vouchers only to keep cancelling the flights. Briefly, they receive money from the customers and ""transform"" it into virtual money that you never get the chance to use because they keep cancelling.  Avoid it by all means.",,Family Leisure,Economy Class,Oslo to Bucharest ,August 2022,,,,,,,1.0,no
17502,SATA Air Azores,3,"""No refunds, just a credit"" ",27th April 2022,True," The customer service is just out of this world - so rude! I called them 3 times to make changes or just check on my options. They treat me as they are doing me a favor, what happened to a normal polite conversation? The last lady was annoyed with me as I was checking on options to cancel my flight. Do not use them unless absolutely necessary. No refunds, just a credit but can only be used for the ticket that cost the same or more. My new ticket was $100+ less and they wont do it.",,Couple Leisure,Economy Class,Boston to Ponta Delgado ,July 2021,,,,,,,1.0,no
8021,Delta Air Lines,1,"""Worst treatment ever""",21st May 2023,False,  Worst treatment ever. Had to go through 48h hours of travel due to unprofessional and unhelpful behavior of the staff. I literally saw my connecting flight (the second one I tried to catch that day) leave before my eyes because they were unable to solve a problem regarding my ticket. The only thing they would hand me out was a stupid 15 dollar food voucher. Had a 14 hour and a 10 hour layover at two different airports. Catastrophic.,,Solo Leisure,Economy Class,México City to Munich,May 2023,1.0,1.0,1.0,1.0,1.0,1.0,1.0,no
5354,Bangkok Airways,8,"""friendly all the way""",31st October 2019,True,"  Bangkok to Vientiane. Great staff friendly all the way and easy website to use. Nice food, leg room a bit short for someone's height of 182cm. Will be sure to use again.",,Solo Leisure,Economy Class,Bangkok to Vientiane,October 2019,3.0,4.0,5.0,4.0,,,3.0,yes
15147,Nordica,7,"""legroom is more than okay""",6th December 2017,True,"  Warsaw to Tallinn. Our flight was in code-share with LOT Polish Airlines. Between our arrival and departure there were 55 minutes (gate opens 30 mins before departure), the ground crew worked very well so we could catch our Nordica flight to Tallinn with ease. The seats are comfortable, the legroom is more than okay. Bigger meals and drinks are available on purchase but they serve complementary drinks (coffee, tea, water) and snacks (chocolate bar). The cabin crew was kind and the cabin was clean.",Bombardier CRJ-900,Solo Leisure,Economy Class,Warsaw to Tallinn,September 2017,5.0,4.0,2.0,5.0,,,3.0,yes
12433,Jetstar Asia,1,"""a small bag they would weigh""",16th October 2019,False, Manila to Singapore. Singapore to the Philippines my hand-carry baggage weighed 6.4kg which is in line of the 7kg baggage allowance rule. Personal bag is never ever been included. I’ve heard rumours of now even personal bag and laptop bag they will aim to get money from the passengers. They will even hold your boarding pass until you pay for it. I thought it was just a rumour until it happened to me. I'm flying back to Singapore and while at the counter they ask to weighed my hand-carry bag even my personal bag. I’ve always taken the same flight and same bag but its the first time this happened to me. Even a small bag they would weigh just to get money.,,Solo Leisure,Economy Class,Manila to Singapore,October 2019,1.0,1.0,1.0,1.0,,,1.0,no
8845,Ethiopian Airlines,3,"""choose another airline""",20th January 2023,True,"  We flew from Chicago to Nairobi and our suitcase was damaged with tears and a broken handle. They are refusing to take responsibility even though I showed someone at the Nairobi airport. I then called customer service when we returned to Chicago and was told to go to the O’Hare ticket counter. I did go to O’Hare with the damaged bag and spoke to the manager. He took all my information and said someone from the Nairobi office will be emailing me. It’s been 2 weeks and no one has contacted me. I have sent several emails and keep getting the run around. Also, my kids did not get children meals during our 2 flights to Nairobi. I had requested that over 6 months prior. Please choose another airline when flying to Africa!",,Family Leisure,Economy Class,Nairobi to Chicago via Addis Ababa / Dublin,December 2022,2.0,3.0,2.0,1.0,3.0,1.0,2.0,no
20971,TUI Airways,8,"""efficient staff and service""",4th October 2019,False," Flew LGW to Naples to join cruise ship and vice versa. Very impressed with the efficient staff and service on board. Cabin crew and flight deck crew all informative and pleasant. Plenty of room on the Dreamliner, very quiet on take off compared to the average plane. Staff apologetic about the chaos at Naples airport seems it is quite usual! All in all a good experience with this airline.",Boeing 787-8,Couple Leisure,Economy Class,London to Naples ,October 2019,4.0,5.0,4.0,4.0,4.0,3.0,4.0,yes
22549,Vueling Airlines,1,"""I will never fly with Vueling again""",16th March 2023,True,"  The worst service! The most embarrassing airline in the world! We paid €478 each for a flight from Bilbao to Milan with €140 of luggage each and for not dispatching it, they made us pay €120 more one way! They did not give us the receipt because the machine was not working. I will never fly with Vueling again on principle.  El peor servicio! La aerolínea mas vergonzosa del mundo! Pagamos 478€ cada uno por un vuelo de Bilbao a Milan con 140€ de equipaje cada uno y por no despacharlo, nos hicieron pagar 120€ mas solo de ida! No nos dieron el recibo porque la máquina no funcionaba. Nunca mas volare con Vueling por principio. ",,Business,Economy Class,Bilbao to Milan via Barcelona,March 2023,4.0,4.0,3.0,1.0,1.0,1.0,1.0,no
18250,Singapore Airlines,1,"""cabin crew truly went above and beyond""",11th May 2023,True," Despite some allegations of cost-cutting measures surfacing across the internet and social media, Singapore Airlines is still unequivocally and undeniably the best in its class. In an era of self-check in kiosks and self-serve apps, the human touch it provides to all its passengers is remarkably special and the warmth and comfort of the human element is something that is irreplaceable by technology. The cabin crew truly went above and beyond to ensure that the passengers were well looked after. In addition to that, every other aspect of the flight from the checking-in process, lounge, boarding arrangements, punctuality, cabin announcements, seat comfort and functionality, meal service, inflight WiFi and timing and baggage delivery was also seamless and flawless. Flying in Singapore Airlines on a premium cabin is truly and quite literally a heavenly experience at 40,000ft in the sky.",A350-900,Couple Leisure,Business Class,Istanbul to Singapore,May 2023,5.0,5.0,5.0,5.0,5.0,5.0,5.0,yes
7196,CityJet,1,"""avoid this airline at all costs""",28th June 2016,False,"  Booked tickets to Japan using Cityjet from London to Amsterdam. Terrible mistake. First flight to Amsterdam was delayed so much we missed our KLM connecting flight to Tokyo. I'm writing this now at Amsterdam airport waiting for cityjet to arrive, as it is late once again, with no info whatsoever. Probably their old planes broke down again. Avoid this airline at all costs. ",,Couple Leisure,Economy Class,LCY to AMS,June 2016,1.0,1.0,,1.0,1.0,,1.0,no
22433,Volotea,8,"""Quality low cost company""",25th May 2023,True,"  Quality low cost company, traveler taken into consideration, comfortable seats sufficient for large sizes, multilingual and pleasant on-board staff. Compagnie Low cost de qualité, voyageur pris en considération, sièges confortables places suffisantes pour les grandes tailles, personnel de bord multilingue et agréable",,Couple Leisure,Economy Class,Alicante to Luxembourg,May 2023,4.0,5.0,4.0,5.0,,,5.0,yes
10626,GoAir,2,"""not allow 2 kg extra baggage""",23rd February 2020,False,"  Delhi to Pune. The guy at the luggage counter was very rude, he did not allow 2 kg extra baggage and said we will have to pay. I made a mistake this time by choosing Goair as they are not at all customer centric.",,Couple Leisure,Economy Class,Delhi to Pune,February 2020,2.0,3.0,,1.0,,,2.0,no
